
insert into person (id, username, passwrd, first_name, last_name) values (1, 'pslyde0', 'x1Uul6CETGe', 'Portie', 'Slyde');
insert into person (id, username, passwrd, first_name, last_name) values (2, 'cjeromson1', 'D2z3rRuX4zPM', 'Clarabelle', 'Jeromson');
insert into person (id, username, passwrd, first_name, last_name) values (3, 'rlarn2', 'y6Rs65jIE', 'Renaldo', 'Larn');
insert into person (id, username, passwrd, first_name, last_name) values (4, 'abraddon3', 'PyTItu', 'Alameda', 'Braddon');
insert into person (id, username, passwrd, first_name, last_name) values (5, 'lzanini4', '7iFyUp3', 'Les', 'Zanini');
insert into person (id, username, passwrd, first_name, last_name) values (6, 'gtofanini5', 'D5rEeQsU', 'Grazia', 'Tofanini');
insert into person (id, username, passwrd, first_name, last_name) values (7, 'chansbury6', 'fGmHQdsbCNcX', 'Carmine', 'Hansbury');
insert into person (id, username, passwrd, first_name, last_name) values (8, 'tpoleykett7', '4bY9zYVu', 'Tarah', 'Poleykett');
insert into person (id, username, passwrd, first_name, last_name) values (9, 'lruggier8', 'TtY4vpp', 'Livia', 'Ruggier');
insert into person (id, username, passwrd, first_name, last_name) values (10, 'sbarribal9', '8hsvHLwe', 'Sandy', 'Barribal');
insert into person (id, username, passwrd, first_name, last_name) values (11, 'fmuirheada', '0AaEmwR0', 'Fanya', 'Muirhead');
insert into person (id, username, passwrd, first_name, last_name) values (12, 'awalczakb', 'rMcdLFWMReP', 'Artur', 'Walczak');
insert into person (id, username, passwrd, first_name, last_name) values (13, 'bbrightiec', 'y4FbVeiJMgQ0', 'Becka', 'Brightie');
insert into person (id, username, passwrd, first_name, last_name) values (14, 'lduchartd', 'hhtqq7rQU', 'Langsdon', 'Duchart');
insert into person (id, username, passwrd, first_name, last_name) values (15, 'jolivelloe', 'XmhDOT3', 'Jeanna', 'Olivello');
insert into person (id, username, passwrd, first_name, last_name) values (16, 'hdevereuf', 'AXdbkqHx', 'Heath', 'Devereu');
insert into person (id, username, passwrd, first_name, last_name) values (17, 'ogemnettg', 'N4wbXSWewd4', 'Oriana', 'Gemnett');
insert into person (id, username, passwrd, first_name, last_name) values (18, 'vdouberdayh', 'pT2kuUjm6oj', 'Verne', 'Douberday');
insert into person (id, username, passwrd, first_name, last_name) values (19, 'abatchelori', 'hm5maTNQzrR2', 'Annelise', 'Batchelor');
insert into person (id, username, passwrd, first_name, last_name) values (20, 'abelvinj', 't3k9InQj', 'Antonius', 'Belvin');
insert into person (id, username, passwrd, first_name, last_name) values (21, 'smoatk', 'GkQC5xSIm', 'Sasha', 'Moat');
insert into person (id, username, passwrd, first_name, last_name) values (22, 'fnasebyl', 'SSF3ZN', 'Felicle', 'Naseby');
insert into person (id, username, passwrd, first_name, last_name) values (23, 'hlongstaffm', 'b3V3QBdYcDh4', 'Happy', 'Longstaff');
insert into person (id, username, passwrd, first_name, last_name) values (24, 'zgearen', 'xVSQY06bJl', 'Zak', 'Geare');
insert into person (id, username, passwrd, first_name, last_name) values (25, 'lgiraulto', '8oOTI1e', 'Lonnard', 'Girault');
insert into person (id, username, passwrd, first_name, last_name) values (26, 'ekempsterp', 'lEHrWso6aI', 'Eydie', 'Kempster');
insert into person (id, username, passwrd, first_name, last_name) values (27, 'fberthomeq', 'vE6oTN9zTAQK', 'Flory', 'Berthome');
insert into person (id, username, passwrd, first_name, last_name) values (28, 'fwrinchr', 'jpx2aKJ7gP', 'Frazer', 'Wrinch');
insert into person (id, username, passwrd, first_name, last_name) values (29, 'eskeths', 'iFd17bgW', 'Erhard', 'Sketh');
insert into person (id, username, passwrd, first_name, last_name) values (30, 'hmufft', 'YsUCnEUSJk', 'Harris', 'Muff');
insert into person (id, username, passwrd, first_name, last_name) values (31, 'aimoreu', 'zpI0Ze', 'Alyssa', 'Imore');
insert into person (id, username, passwrd, first_name, last_name) values (32, 'rmaccostov', 'w0WWcIbN4qE', 'Raddy', 'MacCosto');
insert into person (id, username, passwrd, first_name, last_name) values (33, 'clawlorw', '34O9be', 'Carmon', 'Lawlor');
insert into person (id, username, passwrd, first_name, last_name) values (34, 'aschachterx', 'cDhX6c0jO', 'Adamo', 'Schachter');
insert into person (id, username, passwrd, first_name, last_name) values (35, 'bwilkennsony', 'zi9EYe8', 'Belvia', 'Wilkennson');
insert into person (id, username, passwrd, first_name, last_name) values (36, 'dwoloschinz', 'C1PkuXA3zpa', 'Darlleen', 'Woloschin');
insert into person (id, username, passwrd, first_name, last_name) values (37, 'avarker10', '91bc0xyH5qKS', 'Ashli', 'Varker');
insert into person (id, username, passwrd, first_name, last_name) values (38, 'cmurie11', 'vLzPqw2PthK', 'Cicely', 'Murie');
insert into person (id, username, passwrd, first_name, last_name) values (39, 'tcrammy12', 'FGl0FtXaoU', 'Tabatha', 'Crammy');
insert into person (id, username, passwrd, first_name, last_name) values (40, 'enelson13', 'Nui93oRt7wej', 'Eziechiele', 'Nelson');
insert into person (id, username, passwrd, first_name, last_name) values (41, 'imcconachie14', 'cfaY9knxcoZ', 'Isaiah', 'McConachie');
insert into person (id, username, passwrd, first_name, last_name) values (42, 'ploadman15', 'v53wLP', 'Patin', 'Loadman');
insert into person (id, username, passwrd, first_name, last_name) values (43, 'kireland16', 'Z7AhdHmzwDyB', 'Kory', 'Ireland');
insert into person (id, username, passwrd, first_name, last_name) values (44, 'mhillitt17', 'Ld8fOZeq1P5j', 'Myca', 'Hillitt');
insert into person (id, username, passwrd, first_name, last_name) values (45, 'lbagnold18', 'fzYkZOYzp', 'Lyndsey', 'Bagnold');
insert into person (id, username, passwrd, first_name, last_name) values (46, 'fpasso19', 'QJaiAHy1j', 'Florri', 'Passo');
insert into person (id, username, passwrd, first_name, last_name) values (47, 'kcoleman1a', 'qfpUqz9pr', 'Kingston', 'Coleman');
insert into person (id, username, passwrd, first_name, last_name) values (48, 'prothon1b', 'DPCOdqv9KQh', 'Park', 'Rothon');
insert into person (id, username, passwrd, first_name, last_name) values (49, 'jmitchener1c', 'eHekVy', 'Joella', 'Mitchener');
insert into person (id, username, passwrd, first_name, last_name) values (50, 'bcary1d', 'Zmzatw', 'Bevin', 'Cary');

insert into artist (id, stage_name) values (1, 'A Box of Ants with Blond Towel');
insert into artist (id, stage_name) values (2, 'Allo Melons');
insert into artist (id, stage_name) values (3, 'Ample Division');
insert into artist (id, stage_name) values (4, 'Another Smooth Summer');
insert into artist (id, stage_name) values (5, 'Au Revior Feet');
insert into artist (id, stage_name) values (6, 'Augustusatron');
insert into artist (id, stage_name) values (7, 'Balloons for the Goblins');
insert into artist (id, stage_name) values (8, 'Banana Failure');
insert into artist (id, stage_name) values (9, 'Bananaback');
insert into artist (id, stage_name) values (10, 'Between the Pencils and Me');
insert into artist (id, stage_name) values (11, 'Big Tooth');
insert into artist (id, stage_name) values (12, 'Cardiff Revival');
insert into artist (id, stage_name) values (13, 'Carla and the Vandals');
insert into artist (id, stage_name) values (14, 'Compass Fighters');
insert into artist (id, stage_name) values (15, 'Complaining Twins');
insert into artist (id, stage_name) values (16, 'Crazy Book Cult');
insert into artist (id, stage_name) values (17, 'Five Times Big');
insert into artist (id, stage_name) values (18, 'Four Inch Balloons');
insert into artist (id, stage_name) values (19, 'Fourdust');
insert into artist (id, stage_name) values (20, 'Grubby Kid Augustus');
insert into artist (id, stage_name) values (21, 'Joeys Midnight Surgeons');
insert into artist (id, stage_name) values (22, 'Letters From Augustus of the Newts');
insert into artist (id, stage_name) values (23, 'Lifeless Soap');
insert into artist (id, stage_name) values (24, 'Lonely Elephants Dream');
insert into artist (id, stage_name) values (25, 'Mars Panic');
insert into artist (id, stage_name) values (26, 'McSoap');
insert into artist (id, stage_name) values (27, 'Monica and the Lonely Humans');
insert into artist (id, stage_name) values (28, 'Of Men and Hippos');
insert into artist (id, stage_name) values (29, 'Puddle of Soup');
insert into artist (id, stage_name) values (30, 'Rubeus Talent');
insert into artist (id, stage_name) values (31, 'Saving Monica');
insert into artist (id, stage_name) values (32, 'Shoes for the Students');
insert into artist (id, stage_name) values (33, 'Smooth Kid Rubeus');
insert into artist (id, stage_name) values (34, 'Stunning September');
insert into artist (id, stage_name) values (35, 'The Bouncing Spoons');
insert into artist (id, stage_name) values (36, 'The Munching Ants');
insert into artist (id, stage_name) values (37, 'The Soup Sisters');
insert into artist (id, stage_name) values (38, 'Towel, Ants and Newts');
insert into artist (id, stage_name) values (39, 'Twilight of the Towel Gods');
insert into artist (id, stage_name) values (40, 'Usefulknot');
insert into artist (id, stage_name) values (41, 'Wild Spinning Frogs');
insert into artist (id, stage_name) values (42, 'Zacatron');

insert into album (id, title, artist_id) values (1, 'All doubt', 16);
insert into album (id, title, artist_id) values (2, 'Animal kingdom', 18);
insert into album (id, title, artist_id) values (3, 'Apparatus', 36);
insert into album (id, title, artist_id) values (4, 'Apples and oranges', 15);
insert into album (id, title, artist_id) values (5, 'Army of ants', 22);
insert into album (id, title, artist_id) values (6, 'Around the bush', 33);
insert into album (id, title, artist_id) values (7, 'Ask and receive', 7);
insert into album (id, title, artist_id) values (8, 'Atmos', 36);
insert into album (id, title, artist_id) values (9, 'Audience', 28);
insert into album (id, title, artist_id) values (10, 'Background check', 24);
insert into album (id, title, artist_id) values (11, 'Badge of honor', 2);
insert into album (id, title, artist_id) values (12, 'Bag of mysteries', 41);
insert into album (id, title, artist_id) values (13, 'Balls to the wall', 32);
insert into album (id, title, artist_id) values (14, 'Bank fault', 39);
insert into album (id, title, artist_id) values (15, 'Bankrupcy', 1);
insert into album (id, title, artist_id) values (16, 'Bare to the bone', 42);
insert into album (id, title, artist_id) values (17, 'Barrage of noise', 10);
insert into album (id, title, artist_id) values (18, 'Baseless', 8);
insert into album (id, title, artist_id) values (19, 'Basket case', 30);
insert into album (id, title, artist_id) values (20, 'Battle with myself', 16);
insert into album (id, title, artist_id) values (21, 'Beads', 2);
insert into album (id, title, artist_id) values (22, 'Beads of sweat', 24);
insert into album (id, title, artist_id) values (23, 'Beasts of beauty', 15);
insert into album (id, title, artist_id) values (24, 'Beautiful beasts', 12);
insert into album (id, title, artist_id) values (25, 'Beginners luck', 23);
insert into album (id, title, artist_id) values (26, 'Beyond infinity', 30);
insert into album (id, title, artist_id) values (27, 'Big bad wolf', 14);
insert into album (id, title, artist_id) values (28, 'Birthday suit', 26);
insert into album (id, title, artist_id) values (29, 'Bitten bullet', 2);
insert into album (id, title, artist_id) values (30, 'Bittersweet', 4);
insert into album (id, title, artist_id) values (31, 'Blinded by fame', 2);
insert into album (id, title, artist_id) values (32, 'Blissful ignorance', 29);
insert into album (id, title, artist_id) values (33, 'Bloodlust', 18);
insert into album (id, title, artist_id) values (34, 'Blue moon', 37);
insert into album (id, title, artist_id) values (35, 'Bold fortune', 6);
insert into album (id, title, artist_id) values (36, 'Bonus', 28);
insert into album (id, title, artist_id) values (37, 'Bottoms up', 25);
insert into album (id, title, artist_id) values (38, 'Brain teaser', 12);
insert into album (id, title, artist_id) values (39, 'Breaking bread', 11);
insert into album (id, title, artist_id) values (40, 'Broken ice', 12);
insert into album (id, title, artist_id) values (41, 'Bullet bites', 16);
insert into album (id, title, artist_id) values (42, 'Burning bridges', 36);
insert into album (id, title, artist_id) values (43, 'Bursting out of my skin', 25);
insert into album (id, title, artist_id) values (44, 'Cabinet of fools', 24);
insert into album (id, title, artist_id) values (45, 'Calm after the storm', 41);
insert into album (id, title, artist_id) values (46, 'Cat eat cat world', 4);
insert into album (id, title, artist_id) values (47, 'Cat napped', 41);
insert into album (id, title, artist_id) values (48, 'Chained down', 12);
insert into album (id, title, artist_id) values (49, 'Chaos', 8);
insert into album (id, title, artist_id) values (50, 'Chaos theory', 24);
insert into album (id, title, artist_id) values (51, 'Childhood memoires', 5);
insert into album (id, title, artist_id) values (52, 'Chip off the old block', 3);
insert into album (id, title, artist_id) values (53, 'Class act', 38);
insert into album (id, title, artist_id) values (54, 'Climate changed', 17);
insert into album (id, title, artist_id) values (55, 'Cloud nine', 29);
insert into album (id, title, artist_id) values (56, 'Cobweb of lies', 2);
insert into album (id, title, artist_id) values (57, 'Code word', 18);
insert into album (id, title, artist_id) values (58, 'Cold shoulder', 7);
insert into album (id, title, artist_id) values (59, 'Commercial brake', 12);
insert into album (id, title, artist_id) values (60, 'Commercial break', 9);
insert into album (id, title, artist_id) values (61, 'Committee of despair', 27);
insert into album (id, title, artist_id) values (62, 'Company of two', 27);
insert into album (id, title, artist_id) values (63, 'Concept art', 4);
insert into album (id, title, artist_id) values (64, 'Cookie cutter', 1);
insert into album (id, title, artist_id) values (65, 'Creative director', 6);
insert into album (id, title, artist_id) values (66, 'Crime of the century', 15);
insert into album (id, title, artist_id) values (67, 'Criss cross', 31);
insert into album (id, title, artist_id) values (68, 'Crocodile tears', 3);
insert into album (id, title, artist_id) values (69, 'Crossing a bridge', 9);
insert into album (id, title, artist_id) values (70, 'Crowd control', 30);
insert into album (id, title, artist_id) values (71, 'Curves', 42);
insert into album (id, title, artist_id) values (72, 'Cutting corners', 22);
insert into album (id, title, artist_id) values (73, 'Dark matters', 3);
insert into album (id, title, artist_id) values (74, 'Death of roses', 28);
insert into album (id, title, artist_id) values (75, 'Deaths dead', 36);
insert into album (id, title, artist_id) values (76, 'Decisions decisions', 14);
insert into album (id, title, artist_id) values (77, 'Dedication', 1);
insert into album (id, title, artist_id) values (78, 'Devils advocate', 27);
insert into album (id, title, artist_id) values (79, 'Devils details', 33);
insert into album (id, title, artist_id) values (80, 'Dime in a half dozen', 4);
insert into album (id, title, artist_id) values (81, 'Dime in two dozen', 31);
insert into album (id, title, artist_id) values (82, 'District zero', 36);
insert into album (id, title, artist_id) values (83, 'Dont push this button', 32);
insert into album (id, title, artist_id) values (84, 'Double trouble', 9);
insert into album (id, title, artist_id) values (85, 'Down in flames', 17);
insert into album (id, title, artist_id) values (86, 'Dream big', 20);
insert into album (id, title, artist_id) values (87, 'Easy doesnt do it', 30);
insert into album (id, title, artist_id) values (88, 'Election perfection', 24);
insert into album (id, title, artist_id) values (89, 'Elephant in the room', 16);
insert into album (id, title, artist_id) values (90, 'Emotional wreckage', 11);
insert into album (id, title, artist_id) values (91, 'Equivalent exchange', 22);
insert into album (id, title, artist_id) values (92, 'Expert opinion', 35);
insert into album (id, title, artist_id) values (93, 'Fascination', 23);
insert into album (id, title, artist_id) values (94, 'Fault of treasures', 42);
insert into album (id, title, artist_id) values (95, 'Favoritism', 30);
insert into album (id, title, artist_id) values (96, 'Feast of nothing', 17);
insert into album (id, title, artist_id) values (97, 'Final breath', 24);
insert into album (id, title, artist_id) values (98, 'Final draft', 28);
insert into album (id, title, artist_id) values (99, 'Final hour', 10);
insert into album (id, title, artist_id) values (100, 'Final impact', 12);
insert into album (id, title, artist_id) values (101, 'First chance', 28);
insert into album (id, title, artist_id) values (102, 'Flower shower', 13);
insert into album (id, title, artist_id) values (103, 'Focus', 7);
insert into album (id, title, artist_id) values (104, 'For eternity', 17);
insert into album (id, title, artist_id) values (105, 'For two songs', 15);
insert into album (id, title, artist_id) values (106, 'Forever alone', 33);
insert into album (id, title, artist_id) values (107, 'Form over function', 24);
insert into album (id, title, artist_id) values (108, 'Fourth dimension', 23);
insert into album (id, title, artist_id) values (109, 'From insult to injury', 26);
insert into album (id, title, artist_id) values (110, 'Function over form', 38);
insert into album (id, title, artist_id) values (111, 'Game on', 40);
insert into album (id, title, artist_id) values (112, 'Glass house', 42);
insert into album (id, title, artist_id) values (113, 'Glass houses', 20);
insert into album (id, title, artist_id) values (114, 'Glass shoe', 15);
insert into album (id, title, artist_id) values (115, 'Gods advocate', 16);
insert into album (id, title, artist_id) values (116, 'Grains of salt', 6);
insert into album (id, title, artist_id) values (117, 'Grains of sand', 8);
insert into album (id, title, artist_id) values (118, 'Hand in hand', 7);
insert into album (id, title, artist_id) values (119, 'Here we go', 16);
insert into album (id, title, artist_id) values (120, 'Here we go again', 29);
insert into album (id, title, artist_id) values (121, 'Highest difficulty', 8);
insert into album (id, title, artist_id) values (122, 'Ice cold', 23);
insert into album (id, title, artist_id) values (123, 'Impulse reaction', 34);
insert into album (id, title, artist_id) values (124, 'Infatuation', 20);
insert into album (id, title, artist_id) values (125, 'Intervention', 18);
insert into album (id, title, artist_id) values (126, 'Ire desire', 3);
insert into album (id, title, artist_id) values (127, 'Just a tease', 17);
insert into album (id, title, artist_id) values (128, 'Just the beginning', 42);
insert into album (id, title, artist_id) values (129, 'Kicked buckets', 13);
insert into album (id, title, artist_id) values (130, 'Knowledge bomb', 13);
insert into album (id, title, artist_id) values (131, 'Last candidate', 42);
insert into album (id, title, artist_id) values (132, 'Lets do it', 40);
insert into album (id, title, artist_id) values (133, 'Lets do this', 36);
insert into album (id, title, artist_id) values (134, 'Library of liberty', 39);
insert into album (id, title, artist_id) values (135, 'Life knowledge', 35);
insert into album (id, title, artist_id) values (136, 'Live and learn', 15);
insert into album (id, title, artist_id) values (137, 'Long story short', 35);
insert into album (id, title, artist_id) values (138, 'Louder actions', 10);
insert into album (id, title, artist_id) values (139, 'Louder than words', 31);
insert into album (id, title, artist_id) values (140, 'Love', 6);
insert into album (id, title, artist_id) values (141, 'Love life', 40);
insert into album (id, title, artist_id) values (142, 'Methodical madness', 36);
insert into album (id, title, artist_id) values (143, 'Midnight oil', 3);
insert into album (id, title, artist_id) values (144, 'Missed the boat', 14);
insert into album (id, title, artist_id) values (145, 'Moonquake', 19);
insert into album (id, title, artist_id) values (146, 'MVP', 31);
insert into album (id, title, artist_id) values (147, 'My goodness', 28);
insert into album (id, title, artist_id) values (148, 'Nine yards', 9);
insert into album (id, title, artist_id) values (149, 'No ambition', 34);
insert into album (id, title, artist_id) values (150, 'No boundaries', 23);
insert into album (id, title, artist_id) values (151, 'No celebration', 18);
insert into album (id, title, artist_id) values (152, 'No choice', 36);
insert into album (id, title, artist_id) values (153, 'No comment', 40);
insert into album (id, title, artist_id) values (154, 'No discounts', 27);
insert into album (id, title, artist_id) values (155, 'No foundations', 10);
insert into album (id, title, artist_id) values (156, 'No guarantees', 16);
insert into album (id, title, artist_id) values (157, 'No history', 12);
insert into album (id, title, artist_id) values (158, 'Parliment of fools', 3);
insert into album (id, title, artist_id) values (159, 'Perfect storm', 34);
insert into album (id, title, artist_id) values (160, 'Preaching choir', 12);
insert into album (id, title, artist_id) values (161, 'Pushing buttons', 22);
insert into album (id, title, artist_id) values (162, 'Pushing up daisies', 27);
insert into album (id, title, artist_id) values (163, 'Rain check', 20);
insert into album (id, title, artist_id) values (164, 'Rocket science', 13);
insert into album (id, title, artist_id) values (165, 'Rocket surgery', 22);
insert into album (id, title, artist_id) values (166, 'Salt and sugar', 12);
insert into album (id, title, artist_id) values (167, 'Silver linings', 23);
insert into album (id, title, artist_id) values (168, 'Sleeping dogs', 28);
insert into album (id, title, artist_id) values (169, 'Speak of the demon', 39);
insert into album (id, title, artist_id) values (170, 'Speak of the god', 5);
insert into album (id, title, artist_id) values (171, 'Sweetbitter', 21);
insert into album (id, title, artist_id) values (172, 'Take cover', 8);
insert into album (id, title, artist_id) values (173, 'The bigger fish', 40);
insert into album (id, title, artist_id) values (174, 'The drawing board', 40);
insert into album (id, title, artist_id) values (175, 'The fat lady sings', 23);
insert into album (id, title, artist_id) values (176, 'The last straw', 29);
insert into album (id, title, artist_id) values (177, 'This belief', 25);
insert into album (id, title, artist_id) values (178, 'Time flies', 8);
insert into album (id, title, artist_id) values (179, 'Tongue and cheeks', 30);
insert into album (id, title, artist_id) values (180, 'Two to tango', 16);
insert into album (id, title, artist_id) values (181, 'Unchained', 33);
insert into album (id, title, artist_id) values (182, 'Under the bus', 7);
insert into album (id, title, artist_id) values (183, 'Unhappy accident', 6);
insert into album (id, title, artist_id) values (184, 'Wild goose chase', 38);
insert into album (id, title, artist_id) values (185, 'With feeling', 11);
insert into album (id, title, artist_id) values (186, 'X marks the spot', 10);
insert into album (id, title, artist_id) values (187, 'Zero experience', 1);
insert into album (id, title, artist_id) values (188, 'Zero gravity', 40);

insert into inventory (id, person_id, album_id) values (1, 1, 38);
insert into inventory (id, person_id, album_id) values (2, 1, 77);
insert into inventory (id, person_id, album_id) values (3, 1, 80);
insert into inventory (id, person_id, album_id) values (4, 1, 110);
insert into inventory (id, person_id, album_id) values (5, 1, 137);
insert into inventory (id, person_id, album_id) values (6, 1, 141);
insert into inventory (id, person_id, album_id) values (7, 1, 188);
insert into inventory (id, person_id, album_id) values (8, 1, 8);
insert into inventory (id, person_id, album_id) values (9, 2, 5);
insert into inventory (id, person_id, album_id) values (10, 2, 37);
insert into inventory (id, person_id, album_id) values (11, 2, 52);
insert into inventory (id, person_id, album_id) values (12, 2, 63);
insert into inventory (id, person_id, album_id) values (13, 2, 64);
insert into inventory (id, person_id, album_id) values (14, 2, 76);
insert into inventory (id, person_id, album_id) values (15, 2, 77);
insert into inventory (id, person_id, album_id) values (16, 2, 84);
insert into inventory (id, person_id, album_id) values (17, 2, 86);
insert into inventory (id, person_id, album_id) values (18, 2, 108);
insert into inventory (id, person_id, album_id) values (19, 2, 124);
insert into inventory (id, person_id, album_id) values (20, 2, 128);
insert into inventory (id, person_id, album_id) values (21, 2, 129);
insert into inventory (id, person_id, album_id) values (22, 2, 135);
insert into inventory (id, person_id, album_id) values (23, 2, 157);
insert into inventory (id, person_id, album_id) values (24, 2, 185);
insert into inventory (id, person_id, album_id) values (25, 3, 3);
insert into inventory (id, person_id, album_id) values (26, 3, 11);
insert into inventory (id, person_id, album_id) values (27, 3, 41);
insert into inventory (id, person_id, album_id) values (28, 3, 61);
insert into inventory (id, person_id, album_id) values (29, 3, 90);
insert into inventory (id, person_id, album_id) values (30, 3, 96);
insert into inventory (id, person_id, album_id) values (31, 3, 102);
insert into inventory (id, person_id, album_id) values (32, 3, 108);
insert into inventory (id, person_id, album_id) values (33, 3, 116);
insert into inventory (id, person_id, album_id) values (34, 3, 123);
insert into inventory (id, person_id, album_id) values (35, 3, 124);
insert into inventory (id, person_id, album_id) values (36, 3, 127);
insert into inventory (id, person_id, album_id) values (37, 3, 129);
insert into inventory (id, person_id, album_id) values (38, 3, 177);
insert into inventory (id, person_id, album_id) values (39, 3, 187);
insert into inventory (id, person_id, album_id) values (40, 4, 61);
insert into inventory (id, person_id, album_id) values (41, 4, 70);
insert into inventory (id, person_id, album_id) values (42, 4, 76);
insert into inventory (id, person_id, album_id) values (43, 4, 96);
insert into inventory (id, person_id, album_id) values (44, 4, 105);
insert into inventory (id, person_id, album_id) values (45, 4, 131);
insert into inventory (id, person_id, album_id) values (46, 4, 137);
insert into inventory (id, person_id, album_id) values (47, 4, 162);
insert into inventory (id, person_id, album_id) values (48, 4, 178);
insert into inventory (id, person_id, album_id) values (49, 5, 35);
insert into inventory (id, person_id, album_id) values (50, 5, 41);
insert into inventory (id, person_id, album_id) values (51, 5, 53);
insert into inventory (id, person_id, album_id) values (52, 5, 94);
insert into inventory (id, person_id, album_id) values (53, 5, 117);
insert into inventory (id, person_id, album_id) values (54, 5, 127);
insert into inventory (id, person_id, album_id) values (55, 5, 137);
insert into inventory (id, person_id, album_id) values (56, 5, 138);
insert into inventory (id, person_id, album_id) values (57, 5, 154);
insert into inventory (id, person_id, album_id) values (58, 5, 157);
insert into inventory (id, person_id, album_id) values (59, 5, 164);
insert into inventory (id, person_id, album_id) values (60, 6, 16);
insert into inventory (id, person_id, album_id) values (61, 6, 26);
insert into inventory (id, person_id, album_id) values (62, 6, 44);
insert into inventory (id, person_id, album_id) values (63, 6, 57);
insert into inventory (id, person_id, album_id) values (64, 6, 63);
insert into inventory (id, person_id, album_id) values (65, 6, 65);
insert into inventory (id, person_id, album_id) values (66, 6, 91);
insert into inventory (id, person_id, album_id) values (67, 6, 96);
insert into inventory (id, person_id, album_id) values (68, 6, 101);
insert into inventory (id, person_id, album_id) values (69, 6, 106);
insert into inventory (id, person_id, album_id) values (70, 6, 121);
insert into inventory (id, person_id, album_id) values (71, 6, 125);
insert into inventory (id, person_id, album_id) values (72, 6, 144);
insert into inventory (id, person_id, album_id) values (73, 6, 161);
insert into inventory (id, person_id, album_id) values (74, 6, 173);
insert into inventory (id, person_id, album_id) values (75, 6, 179);
insert into inventory (id, person_id, album_id) values (76, 6, 188);
insert into inventory (id, person_id, album_id) values (77, 7, 3);
insert into inventory (id, person_id, album_id) values (78, 7, 22);
insert into inventory (id, person_id, album_id) values (79, 7, 34);
insert into inventory (id, person_id, album_id) values (80, 7, 83);
insert into inventory (id, person_id, album_id) values (81, 7, 93);
insert into inventory (id, person_id, album_id) values (82, 7, 95);
insert into inventory (id, person_id, album_id) values (83, 7, 135);
insert into inventory (id, person_id, album_id) values (84, 7, 140);
insert into inventory (id, person_id, album_id) values (85, 7, 161);
insert into inventory (id, person_id, album_id) values (86, 8, 21);
insert into inventory (id, person_id, album_id) values (87, 8, 57);
insert into inventory (id, person_id, album_id) values (88, 8, 93);
insert into inventory (id, person_id, album_id) values (89, 8, 94);
insert into inventory (id, person_id, album_id) values (90, 8, 99);
insert into inventory (id, person_id, album_id) values (91, 8, 118);
insert into inventory (id, person_id, album_id) values (92, 8, 133);
insert into inventory (id, person_id, album_id) values (93, 8, 154);
insert into inventory (id, person_id, album_id) values (94, 8, 166);
insert into inventory (id, person_id, album_id) values (95, 8, 167);
insert into inventory (id, person_id, album_id) values (96, 8, 170);
insert into inventory (id, person_id, album_id) values (97, 8, 175);
insert into inventory (id, person_id, album_id) values (98, 8, 178);
insert into inventory (id, person_id, album_id) values (99, 8, 179);
insert into inventory (id, person_id, album_id) values (100, 8, 187);
insert into inventory (id, person_id, album_id) values (101, 9, 2);
insert into inventory (id, person_id, album_id) values (102, 9, 12);
insert into inventory (id, person_id, album_id) values (103, 9, 19);
insert into inventory (id, person_id, album_id) values (104, 9, 34);
insert into inventory (id, person_id, album_id) values (105, 9, 61);
insert into inventory (id, person_id, album_id) values (106, 9, 108);
insert into inventory (id, person_id, album_id) values (107, 9, 151);
insert into inventory (id, person_id, album_id) values (108, 9, 153);
insert into inventory (id, person_id, album_id) values (109, 9, 158);
insert into inventory (id, person_id, album_id) values (110, 9, 178);
insert into inventory (id, person_id, album_id) values (111, 10, 2);
insert into inventory (id, person_id, album_id) values (112, 10, 50);
insert into inventory (id, person_id, album_id) values (113, 10, 65);
insert into inventory (id, person_id, album_id) values (114, 10, 66);
insert into inventory (id, person_id, album_id) values (115, 10, 72);
insert into inventory (id, person_id, album_id) values (116, 10, 75);
insert into inventory (id, person_id, album_id) values (117, 10, 78);
insert into inventory (id, person_id, album_id) values (118, 10, 136);
insert into inventory (id, person_id, album_id) values (119, 10, 144);
insert into inventory (id, person_id, album_id) values (120, 11, 25);
insert into inventory (id, person_id, album_id) values (121, 11, 30);
insert into inventory (id, person_id, album_id) values (122, 11, 48);
insert into inventory (id, person_id, album_id) values (123, 11, 79);
insert into inventory (id, person_id, album_id) values (124, 11, 93);
insert into inventory (id, person_id, album_id) values (125, 11, 94);
insert into inventory (id, person_id, album_id) values (126, 11, 132);
insert into inventory (id, person_id, album_id) values (127, 11, 151);
insert into inventory (id, person_id, album_id) values (128, 12, 29);
insert into inventory (id, person_id, album_id) values (129, 12, 70);
insert into inventory (id, person_id, album_id) values (130, 12, 109);
insert into inventory (id, person_id, album_id) values (131, 12, 121);
insert into inventory (id, person_id, album_id) values (132, 12, 123);
insert into inventory (id, person_id, album_id) values (133, 12, 147);
insert into inventory (id, person_id, album_id) values (134, 12, 156);
insert into inventory (id, person_id, album_id) values (135, 12, 159);
insert into inventory (id, person_id, album_id) values (136, 12, 173);
insert into inventory (id, person_id, album_id) values (137, 12, 174);
insert into inventory (id, person_id, album_id) values (138, 13, 28);
insert into inventory (id, person_id, album_id) values (139, 13, 56);
insert into inventory (id, person_id, album_id) values (140, 13, 72);
insert into inventory (id, person_id, album_id) values (141, 13, 92);
insert into inventory (id, person_id, album_id) values (142, 13, 106);
insert into inventory (id, person_id, album_id) values (143, 13, 123);
insert into inventory (id, person_id, album_id) values (144, 13, 152);
insert into inventory (id, person_id, album_id) values (145, 14, 21);
insert into inventory (id, person_id, album_id) values (146, 14, 52);
insert into inventory (id, person_id, album_id) values (147, 14, 63);
insert into inventory (id, person_id, album_id) values (148, 14, 65);
insert into inventory (id, person_id, album_id) values (149, 14, 74);
insert into inventory (id, person_id, album_id) values (150, 14, 79);
insert into inventory (id, person_id, album_id) values (151, 14, 102);
insert into inventory (id, person_id, album_id) values (152, 14, 114);
insert into inventory (id, person_id, album_id) values (153, 14, 124);
insert into inventory (id, person_id, album_id) values (154, 14, 125);
insert into inventory (id, person_id, album_id) values (155, 14, 163);
insert into inventory (id, person_id, album_id) values (156, 14, 178);
insert into inventory (id, person_id, album_id) values (157, 14, 184);
insert into inventory (id, person_id, album_id) values (158, 15, 31);
insert into inventory (id, person_id, album_id) values (159, 15, 67);
insert into inventory (id, person_id, album_id) values (160, 15, 74);
insert into inventory (id, person_id, album_id) values (161, 15, 84);
insert into inventory (id, person_id, album_id) values (162, 15, 133);
insert into inventory (id, person_id, album_id) values (163, 15, 137);
insert into inventory (id, person_id, album_id) values (164, 15, 149);
insert into inventory (id, person_id, album_id) values (165, 15, 155);
insert into inventory (id, person_id, album_id) values (166, 15, 170);
insert into inventory (id, person_id, album_id) values (167, 15, 173);
insert into inventory (id, person_id, album_id) values (168, 16, 19);
insert into inventory (id, person_id, album_id) values (169, 16, 33);
insert into inventory (id, person_id, album_id) values (170, 16, 56);
insert into inventory (id, person_id, album_id) values (171, 16, 59);
insert into inventory (id, person_id, album_id) values (172, 16, 69);
insert into inventory (id, person_id, album_id) values (173, 16, 79);
insert into inventory (id, person_id, album_id) values (174, 16, 83);
insert into inventory (id, person_id, album_id) values (175, 16, 88);
insert into inventory (id, person_id, album_id) values (176, 16, 92);
insert into inventory (id, person_id, album_id) values (177, 16, 108);
insert into inventory (id, person_id, album_id) values (178, 16, 158);
insert into inventory (id, person_id, album_id) values (179, 16, 168);
insert into inventory (id, person_id, album_id) values (180, 16, 176);
insert into inventory (id, person_id, album_id) values (181, 16, 177);
insert into inventory (id, person_id, album_id) values (182, 16, 188);
insert into inventory (id, person_id, album_id) values (183, 17, 46);
insert into inventory (id, person_id, album_id) values (184, 17, 48);
insert into inventory (id, person_id, album_id) values (185, 17, 56);
insert into inventory (id, person_id, album_id) values (186, 17, 59);
insert into inventory (id, person_id, album_id) values (187, 17, 109);
insert into inventory (id, person_id, album_id) values (188, 17, 183);
insert into inventory (id, person_id, album_id) values (189, 18, 13);
insert into inventory (id, person_id, album_id) values (190, 18, 17);
insert into inventory (id, person_id, album_id) values (191, 18, 43);
insert into inventory (id, person_id, album_id) values (192, 18, 66);
insert into inventory (id, person_id, album_id) values (193, 18, 67);
insert into inventory (id, person_id, album_id) values (194, 18, 83);
insert into inventory (id, person_id, album_id) values (195, 18, 86);
insert into inventory (id, person_id, album_id) values (196, 18, 125);
insert into inventory (id, person_id, album_id) values (197, 18, 134);
insert into inventory (id, person_id, album_id) values (198, 18, 164);
insert into inventory (id, person_id, album_id) values (199, 18, 170);
insert into inventory (id, person_id, album_id) values (200, 18, 180);
insert into inventory (id, person_id, album_id) values (201, 19, 16);
insert into inventory (id, person_id, album_id) values (202, 19, 62);
insert into inventory (id, person_id, album_id) values (203, 19, 83);
insert into inventory (id, person_id, album_id) values (204, 19, 139);
insert into inventory (id, person_id, album_id) values (205, 19, 162);
insert into inventory (id, person_id, album_id) values (206, 19, 177);
insert into inventory (id, person_id, album_id) values (207, 19, 187);
insert into inventory (id, person_id, album_id) values (208, 20, 3);
insert into inventory (id, person_id, album_id) values (209, 20, 13);
insert into inventory (id, person_id, album_id) values (210, 20, 22);
insert into inventory (id, person_id, album_id) values (211, 20, 69);
insert into inventory (id, person_id, album_id) values (212, 20, 79);
insert into inventory (id, person_id, album_id) values (213, 20, 82);
insert into inventory (id, person_id, album_id) values (214, 20, 90);
insert into inventory (id, person_id, album_id) values (215, 20, 100);
insert into inventory (id, person_id, album_id) values (216, 20, 103);
insert into inventory (id, person_id, album_id) values (217, 20, 109);
insert into inventory (id, person_id, album_id) values (218, 20, 114);
insert into inventory (id, person_id, album_id) values (219, 20, 125);
insert into inventory (id, person_id, album_id) values (220, 20, 140);
insert into inventory (id, person_id, album_id) values (221, 20, 166);
insert into inventory (id, person_id, album_id) values (222, 21, 5);
insert into inventory (id, person_id, album_id) values (223, 21, 10);
insert into inventory (id, person_id, album_id) values (224, 21, 17);
insert into inventory (id, person_id, album_id) values (225, 21, 25);
insert into inventory (id, person_id, album_id) values (226, 21, 55);
insert into inventory (id, person_id, album_id) values (227, 21, 66);
insert into inventory (id, person_id, album_id) values (228, 21, 94);
insert into inventory (id, person_id, album_id) values (229, 21, 112);
insert into inventory (id, person_id, album_id) values (230, 21, 116);
insert into inventory (id, person_id, album_id) values (231, 21, 128);
insert into inventory (id, person_id, album_id) values (232, 21, 165);
insert into inventory (id, person_id, album_id) values (233, 21, 166);
insert into inventory (id, person_id, album_id) values (234, 21, 178);
insert into inventory (id, person_id, album_id) values (235, 21, 187);
insert into inventory (id, person_id, album_id) values (236, 22, 8);
insert into inventory (id, person_id, album_id) values (237, 22, 15);
insert into inventory (id, person_id, album_id) values (238, 22, 22);
insert into inventory (id, person_id, album_id) values (239, 22, 46);
insert into inventory (id, person_id, album_id) values (240, 22, 61);
insert into inventory (id, person_id, album_id) values (241, 22, 79);
insert into inventory (id, person_id, album_id) values (242, 22, 96);
insert into inventory (id, person_id, album_id) values (243, 22, 115);
insert into inventory (id, person_id, album_id) values (244, 22, 124);
insert into inventory (id, person_id, album_id) values (245, 22, 135);
insert into inventory (id, person_id, album_id) values (246, 23, 10);
insert into inventory (id, person_id, album_id) values (247, 23, 32);
insert into inventory (id, person_id, album_id) values (248, 23, 44);
insert into inventory (id, person_id, album_id) values (249, 23, 54);
insert into inventory (id, person_id, album_id) values (250, 23, 57);
insert into inventory (id, person_id, album_id) values (251, 23, 59);
insert into inventory (id, person_id, album_id) values (252, 23, 139);
insert into inventory (id, person_id, album_id) values (253, 23, 149);
insert into inventory (id, person_id, album_id) values (254, 23, 173);
insert into inventory (id, person_id, album_id) values (255, 24, 30);
insert into inventory (id, person_id, album_id) values (256, 24, 75);
insert into inventory (id, person_id, album_id) values (257, 24, 86);
insert into inventory (id, person_id, album_id) values (258, 24, 88);
insert into inventory (id, person_id, album_id) values (259, 24, 97);
insert into inventory (id, person_id, album_id) values (260, 24, 104);
insert into inventory (id, person_id, album_id) values (261, 24, 151);
insert into inventory (id, person_id, album_id) values (262, 24, 183);
insert into inventory (id, person_id, album_id) values (263, 24, 184);
insert into inventory (id, person_id, album_id) values (264, 25, 41);
insert into inventory (id, person_id, album_id) values (265, 25, 48);
insert into inventory (id, person_id, album_id) values (266, 25, 50);
insert into inventory (id, person_id, album_id) values (267, 25, 72);
insert into inventory (id, person_id, album_id) values (268, 25, 83);
insert into inventory (id, person_id, album_id) values (269, 25, 85);
insert into inventory (id, person_id, album_id) values (270, 25, 140);
insert into inventory (id, person_id, album_id) values (271, 25, 164);
insert into inventory (id, person_id, album_id) values (272, 25, 180);
insert into inventory (id, person_id, album_id) values (273, 26, 2);
insert into inventory (id, person_id, album_id) values (274, 26, 34);
insert into inventory (id, person_id, album_id) values (275, 26, 42);
insert into inventory (id, person_id, album_id) values (276, 26, 47);
insert into inventory (id, person_id, album_id) values (277, 26, 100);
insert into inventory (id, person_id, album_id) values (278, 26, 116);
insert into inventory (id, person_id, album_id) values (279, 26, 126);
insert into inventory (id, person_id, album_id) values (280, 26, 129);
insert into inventory (id, person_id, album_id) values (281, 26, 130);
insert into inventory (id, person_id, album_id) values (282, 27, 36);
insert into inventory (id, person_id, album_id) values (283, 27, 49);
insert into inventory (id, person_id, album_id) values (284, 27, 88);
insert into inventory (id, person_id, album_id) values (285, 27, 100);
insert into inventory (id, person_id, album_id) values (286, 27, 121);
insert into inventory (id, person_id, album_id) values (287, 27, 136);
insert into inventory (id, person_id, album_id) values (288, 27, 140);
insert into inventory (id, person_id, album_id) values (289, 27, 173);
insert into inventory (id, person_id, album_id) values (290, 27, 179);
insert into inventory (id, person_id, album_id) values (291, 27, 181);
insert into inventory (id, person_id, album_id) values (292, 27, 182);
insert into inventory (id, person_id, album_id) values (293, 28, 2);
insert into inventory (id, person_id, album_id) values (294, 28, 6);
insert into inventory (id, person_id, album_id) values (295, 28, 17);
insert into inventory (id, person_id, album_id) values (296, 28, 85);
insert into inventory (id, person_id, album_id) values (297, 28, 88);
insert into inventory (id, person_id, album_id) values (298, 28, 93);
insert into inventory (id, person_id, album_id) values (299, 28, 105);
insert into inventory (id, person_id, album_id) values (300, 28, 127);
insert into inventory (id, person_id, album_id) values (301, 28, 136);
insert into inventory (id, person_id, album_id) values (302, 28, 161);
insert into inventory (id, person_id, album_id) values (303, 28, 174);
insert into inventory (id, person_id, album_id) values (304, 29, 11);
insert into inventory (id, person_id, album_id) values (305, 29, 28);
insert into inventory (id, person_id, album_id) values (306, 29, 31);
insert into inventory (id, person_id, album_id) values (307, 29, 33);
insert into inventory (id, person_id, album_id) values (308, 29, 38);
insert into inventory (id, person_id, album_id) values (309, 29, 41);
insert into inventory (id, person_id, album_id) values (310, 29, 86);
insert into inventory (id, person_id, album_id) values (311, 29, 90);
insert into inventory (id, person_id, album_id) values (312, 29, 94);
insert into inventory (id, person_id, album_id) values (313, 29, 95);
insert into inventory (id, person_id, album_id) values (314, 29, 130);
insert into inventory (id, person_id, album_id) values (315, 29, 135);
insert into inventory (id, person_id, album_id) values (316, 29, 142);
insert into inventory (id, person_id, album_id) values (317, 29, 185);
insert into inventory (id, person_id, album_id) values (318, 29, 188);
insert into inventory (id, person_id, album_id) values (319, 30, 4);
insert into inventory (id, person_id, album_id) values (320, 30, 8);
insert into inventory (id, person_id, album_id) values (321, 30, 28);
insert into inventory (id, person_id, album_id) values (322, 30, 43);
insert into inventory (id, person_id, album_id) values (323, 30, 97);
insert into inventory (id, person_id, album_id) values (324, 30, 105);
insert into inventory (id, person_id, album_id) values (325, 30, 145);
insert into inventory (id, person_id, album_id) values (326, 30, 172);
insert into inventory (id, person_id, album_id) values (327, 30, 176);
insert into inventory (id, person_id, album_id) values (328, 30, 184);
insert into inventory (id, person_id, album_id) values (329, 30, 188);
insert into inventory (id, person_id, album_id) values (330, 31, 22);
insert into inventory (id, person_id, album_id) values (331, 31, 25);
insert into inventory (id, person_id, album_id) values (332, 31, 35);
insert into inventory (id, person_id, album_id) values (333, 31, 42);
insert into inventory (id, person_id, album_id) values (334, 31, 49);
insert into inventory (id, person_id, album_id) values (335, 31, 81);
insert into inventory (id, person_id, album_id) values (336, 31, 98);
insert into inventory (id, person_id, album_id) values (337, 31, 103);
insert into inventory (id, person_id, album_id) values (338, 31, 107);
insert into inventory (id, person_id, album_id) values (339, 31, 117);
insert into inventory (id, person_id, album_id) values (340, 31, 120);
insert into inventory (id, person_id, album_id) values (341, 32, 2);
insert into inventory (id, person_id, album_id) values (342, 32, 30);
insert into inventory (id, person_id, album_id) values (343, 32, 35);
insert into inventory (id, person_id, album_id) values (344, 32, 43);
insert into inventory (id, person_id, album_id) values (345, 32, 52);
insert into inventory (id, person_id, album_id) values (346, 32, 58);
insert into inventory (id, person_id, album_id) values (347, 32, 67);
insert into inventory (id, person_id, album_id) values (348, 32, 69);
insert into inventory (id, person_id, album_id) values (349, 32, 88);
insert into inventory (id, person_id, album_id) values (350, 32, 106);
insert into inventory (id, person_id, album_id) values (351, 32, 113);
insert into inventory (id, person_id, album_id) values (352, 32, 140);
insert into inventory (id, person_id, album_id) values (353, 32, 167);
insert into inventory (id, person_id, album_id) values (354, 32, 186);
insert into inventory (id, person_id, album_id) values (355, 33, 23);
insert into inventory (id, person_id, album_id) values (356, 33, 31);
insert into inventory (id, person_id, album_id) values (357, 33, 56);
insert into inventory (id, person_id, album_id) values (358, 33, 80);
insert into inventory (id, person_id, album_id) values (359, 33, 85);
insert into inventory (id, person_id, album_id) values (360, 33, 90);
insert into inventory (id, person_id, album_id) values (361, 33, 115);
insert into inventory (id, person_id, album_id) values (362, 33, 118);
insert into inventory (id, person_id, album_id) values (363, 33, 120);
insert into inventory (id, person_id, album_id) values (364, 33, 151);
insert into inventory (id, person_id, album_id) values (365, 33, 154);
insert into inventory (id, person_id, album_id) values (366, 33, 156);
insert into inventory (id, person_id, album_id) values (367, 34, 10);
insert into inventory (id, person_id, album_id) values (368, 34, 30);
insert into inventory (id, person_id, album_id) values (369, 34, 35);
insert into inventory (id, person_id, album_id) values (370, 34, 57);
insert into inventory (id, person_id, album_id) values (371, 34, 58);
insert into inventory (id, person_id, album_id) values (372, 34, 99);
insert into inventory (id, person_id, album_id) values (373, 34, 136);
insert into inventory (id, person_id, album_id) values (374, 34, 177);
insert into inventory (id, person_id, album_id) values (375, 35, 2);
insert into inventory (id, person_id, album_id) values (376, 35, 32);
insert into inventory (id, person_id, album_id) values (377, 35, 49);
insert into inventory (id, person_id, album_id) values (378, 35, 52);
insert into inventory (id, person_id, album_id) values (379, 35, 64);
insert into inventory (id, person_id, album_id) values (380, 35, 65);
insert into inventory (id, person_id, album_id) values (381, 35, 75);
insert into inventory (id, person_id, album_id) values (382, 35, 129);
insert into inventory (id, person_id, album_id) values (383, 35, 144);
insert into inventory (id, person_id, album_id) values (384, 35, 175);
insert into inventory (id, person_id, album_id) values (385, 35, 183);
insert into inventory (id, person_id, album_id) values (386, 36, 7);
insert into inventory (id, person_id, album_id) values (387, 36, 22);
insert into inventory (id, person_id, album_id) values (388, 36, 26);
insert into inventory (id, person_id, album_id) values (389, 36, 45);
insert into inventory (id, person_id, album_id) values (390, 36, 54);
insert into inventory (id, person_id, album_id) values (391, 36, 79);
insert into inventory (id, person_id, album_id) values (392, 36, 101);
insert into inventory (id, person_id, album_id) values (393, 36, 104);
insert into inventory (id, person_id, album_id) values (394, 36, 107);
insert into inventory (id, person_id, album_id) values (395, 36, 128);
insert into inventory (id, person_id, album_id) values (396, 36, 163);
insert into inventory (id, person_id, album_id) values (397, 36, 165);
insert into inventory (id, person_id, album_id) values (398, 37, 7);
insert into inventory (id, person_id, album_id) values (399, 37, 30);
insert into inventory (id, person_id, album_id) values (400, 37, 33);
insert into inventory (id, person_id, album_id) values (401, 37, 38);
insert into inventory (id, person_id, album_id) values (402, 37, 42);
insert into inventory (id, person_id, album_id) values (403, 37, 106);
insert into inventory (id, person_id, album_id) values (404, 37, 113);
insert into inventory (id, person_id, album_id) values (405, 37, 163);
insert into inventory (id, person_id, album_id) values (406, 37, 174);
insert into inventory (id, person_id, album_id) values (407, 38, 18);
insert into inventory (id, person_id, album_id) values (408, 38, 19);
insert into inventory (id, person_id, album_id) values (409, 38, 30);
insert into inventory (id, person_id, album_id) values (410, 38, 40);
insert into inventory (id, person_id, album_id) values (411, 38, 51);
insert into inventory (id, person_id, album_id) values (412, 38, 68);
insert into inventory (id, person_id, album_id) values (413, 38, 89);
insert into inventory (id, person_id, album_id) values (414, 38, 90);
insert into inventory (id, person_id, album_id) values (415, 38, 94);
insert into inventory (id, person_id, album_id) values (416, 38, 97);
insert into inventory (id, person_id, album_id) values (417, 38, 107);
insert into inventory (id, person_id, album_id) values (418, 38, 118);
insert into inventory (id, person_id, album_id) values (419, 38, 137);
insert into inventory (id, person_id, album_id) values (420, 38, 155);
insert into inventory (id, person_id, album_id) values (421, 38, 161);
insert into inventory (id, person_id, album_id) values (422, 39, 1);
insert into inventory (id, person_id, album_id) values (423, 39, 9);
insert into inventory (id, person_id, album_id) values (424, 39, 39);
insert into inventory (id, person_id, album_id) values (425, 39, 51);
insert into inventory (id, person_id, album_id) values (426, 39, 74);
insert into inventory (id, person_id, album_id) values (427, 39, 89);
insert into inventory (id, person_id, album_id) values (428, 39, 100);
insert into inventory (id, person_id, album_id) values (429, 39, 109);
insert into inventory (id, person_id, album_id) values (430, 39, 118);
insert into inventory (id, person_id, album_id) values (431, 39, 131);
insert into inventory (id, person_id, album_id) values (432, 39, 144);
insert into inventory (id, person_id, album_id) values (433, 39, 157);
insert into inventory (id, person_id, album_id) values (434, 39, 160);
insert into inventory (id, person_id, album_id) values (435, 39, 162);
insert into inventory (id, person_id, album_id) values (436, 39, 164);
insert into inventory (id, person_id, album_id) values (437, 39, 176);
insert into inventory (id, person_id, album_id) values (438, 39, 182);
insert into inventory (id, person_id, album_id) values (439, 39, 188);
insert into inventory (id, person_id, album_id) values (440, 40, 15);
insert into inventory (id, person_id, album_id) values (441, 40, 26);
insert into inventory (id, person_id, album_id) values (442, 40, 31);
insert into inventory (id, person_id, album_id) values (443, 40, 43);
insert into inventory (id, person_id, album_id) values (444, 40, 46);
insert into inventory (id, person_id, album_id) values (445, 40, 52);
insert into inventory (id, person_id, album_id) values (446, 40, 56);
insert into inventory (id, person_id, album_id) values (447, 40, 84);
insert into inventory (id, person_id, album_id) values (448, 40, 87);
insert into inventory (id, person_id, album_id) values (449, 40, 116);
insert into inventory (id, person_id, album_id) values (450, 40, 138);
insert into inventory (id, person_id, album_id) values (451, 40, 144);
insert into inventory (id, person_id, album_id) values (452, 40, 145);
insert into inventory (id, person_id, album_id) values (453, 41, 8);
insert into inventory (id, person_id, album_id) values (454, 41, 30);
insert into inventory (id, person_id, album_id) values (455, 41, 53);
insert into inventory (id, person_id, album_id) values (456, 41, 64);
insert into inventory (id, person_id, album_id) values (457, 41, 69);
insert into inventory (id, person_id, album_id) values (458, 41, 73);
insert into inventory (id, person_id, album_id) values (459, 41, 75);
insert into inventory (id, person_id, album_id) values (460, 41, 78);
insert into inventory (id, person_id, album_id) values (461, 41, 86);
insert into inventory (id, person_id, album_id) values (462, 41, 96);
insert into inventory (id, person_id, album_id) values (463, 41, 119);
insert into inventory (id, person_id, album_id) values (464, 41, 132);
insert into inventory (id, person_id, album_id) values (465, 41, 143);
insert into inventory (id, person_id, album_id) values (466, 41, 161);
insert into inventory (id, person_id, album_id) values (467, 42, 6);
insert into inventory (id, person_id, album_id) values (468, 42, 37);
insert into inventory (id, person_id, album_id) values (469, 42, 59);
insert into inventory (id, person_id, album_id) values (470, 42, 78);
insert into inventory (id, person_id, album_id) values (471, 42, 95);
insert into inventory (id, person_id, album_id) values (472, 42, 97);
insert into inventory (id, person_id, album_id) values (473, 42, 111);
insert into inventory (id, person_id, album_id) values (474, 42, 114);
insert into inventory (id, person_id, album_id) values (475, 42, 123);
insert into inventory (id, person_id, album_id) values (476, 42, 139);
insert into inventory (id, person_id, album_id) values (477, 42, 144);
insert into inventory (id, person_id, album_id) values (478, 42, 145);
insert into inventory (id, person_id, album_id) values (479, 42, 161);
insert into inventory (id, person_id, album_id) values (480, 42, 172);
insert into inventory (id, person_id, album_id) values (481, 43, 14);
insert into inventory (id, person_id, album_id) values (482, 43, 23);
insert into inventory (id, person_id, album_id) values (483, 43, 35);
insert into inventory (id, person_id, album_id) values (484, 43, 36);
insert into inventory (id, person_id, album_id) values (485, 43, 37);
insert into inventory (id, person_id, album_id) values (486, 43, 45);
insert into inventory (id, person_id, album_id) values (487, 43, 50);
insert into inventory (id, person_id, album_id) values (488, 43, 68);
insert into inventory (id, person_id, album_id) values (489, 43, 77);
insert into inventory (id, person_id, album_id) values (490, 43, 88);
insert into inventory (id, person_id, album_id) values (491, 43, 91);
insert into inventory (id, person_id, album_id) values (492, 43, 101);
insert into inventory (id, person_id, album_id) values (493, 43, 104);
insert into inventory (id, person_id, album_id) values (494, 43, 115);
insert into inventory (id, person_id, album_id) values (495, 43, 122);
insert into inventory (id, person_id, album_id) values (496, 43, 140);
insert into inventory (id, person_id, album_id) values (497, 43, 141);
insert into inventory (id, person_id, album_id) values (498, 43, 168);
insert into inventory (id, person_id, album_id) values (499, 44, 6);
insert into inventory (id, person_id, album_id) values (500, 44, 52);
insert into inventory (id, person_id, album_id) values (501, 44, 53);
insert into inventory (id, person_id, album_id) values (502, 44, 87);
insert into inventory (id, person_id, album_id) values (503, 44, 106);
insert into inventory (id, person_id, album_id) values (504, 44, 114);
insert into inventory (id, person_id, album_id) values (505, 44, 142);
insert into inventory (id, person_id, album_id) values (506, 44, 147);
insert into inventory (id, person_id, album_id) values (507, 44, 165);
insert into inventory (id, person_id, album_id) values (508, 44, 167);
insert into inventory (id, person_id, album_id) values (509, 44, 186);
insert into inventory (id, person_id, album_id) values (510, 45, 3);
insert into inventory (id, person_id, album_id) values (511, 45, 5);
insert into inventory (id, person_id, album_id) values (512, 45, 60);
insert into inventory (id, person_id, album_id) values (513, 45, 66);
insert into inventory (id, person_id, album_id) values (514, 45, 71);
insert into inventory (id, person_id, album_id) values (515, 45, 98);
insert into inventory (id, person_id, album_id) values (516, 45, 140);
insert into inventory (id, person_id, album_id) values (517, 45, 150);
insert into inventory (id, person_id, album_id) values (518, 45, 155);
insert into inventory (id, person_id, album_id) values (519, 45, 165);
insert into inventory (id, person_id, album_id) values (520, 45, 167);
insert into inventory (id, person_id, album_id) values (521, 45, 169);
insert into inventory (id, person_id, album_id) values (522, 45, 180);
insert into inventory (id, person_id, album_id) values (523, 46, 9);
insert into inventory (id, person_id, album_id) values (524, 46, 25);
insert into inventory (id, person_id, album_id) values (525, 46, 36);
insert into inventory (id, person_id, album_id) values (526, 46, 76);
insert into inventory (id, person_id, album_id) values (527, 46, 78);
insert into inventory (id, person_id, album_id) values (528, 46, 87);
insert into inventory (id, person_id, album_id) values (529, 46, 139);
insert into inventory (id, person_id, album_id) values (530, 46, 156);
insert into inventory (id, person_id, album_id) values (531, 46, 171);
insert into inventory (id, person_id, album_id) values (532, 46, 179);
insert into inventory (id, person_id, album_id) values (533, 47, 16);
insert into inventory (id, person_id, album_id) values (534, 47, 60);
insert into inventory (id, person_id, album_id) values (535, 47, 89);
insert into inventory (id, person_id, album_id) values (536, 47, 156);
insert into inventory (id, person_id, album_id) values (537, 47, 157);
insert into inventory (id, person_id, album_id) values (538, 48, 23);
insert into inventory (id, person_id, album_id) values (539, 48, 42);
insert into inventory (id, person_id, album_id) values (540, 48, 64);
insert into inventory (id, person_id, album_id) values (541, 48, 69);
insert into inventory (id, person_id, album_id) values (542, 48, 123);
insert into inventory (id, person_id, album_id) values (543, 48, 141);
insert into inventory (id, person_id, album_id) values (544, 48, 163);
insert into inventory (id, person_id, album_id) values (545, 48, 167);
insert into inventory (id, person_id, album_id) values (546, 49, 9);
insert into inventory (id, person_id, album_id) values (547, 49, 45);
insert into inventory (id, person_id, album_id) values (548, 49, 55);
insert into inventory (id, person_id, album_id) values (549, 49, 68);
insert into inventory (id, person_id, album_id) values (550, 49, 102);
insert into inventory (id, person_id, album_id) values (551, 49, 103);
insert into inventory (id, person_id, album_id) values (552, 49, 110);
insert into inventory (id, person_id, album_id) values (553, 49, 127);
insert into inventory (id, person_id, album_id) values (554, 49, 154);
insert into inventory (id, person_id, album_id) values (555, 49, 157);
insert into inventory (id, person_id, album_id) values (556, 49, 169);
insert into inventory (id, person_id, album_id) values (557, 49, 171);
insert into inventory (id, person_id, album_id) values (558, 49, 175);
insert into inventory (id, person_id, album_id) values (559, 49, 176);
insert into inventory (id, person_id, album_id) values (560, 49, 181);
insert into inventory (id, person_id, album_id) values (561, 49, 188);
insert into inventory (id, person_id, album_id) values (562, 50, 3);
insert into inventory (id, person_id, album_id) values (563, 50, 20);
insert into inventory (id, person_id, album_id) values (564, 50, 58);
insert into inventory (id, person_id, album_id) values (565, 50, 65);
insert into inventory (id, person_id, album_id) values (566, 50, 85);
insert into inventory (id, person_id, album_id) values (567, 50, 88);
insert into inventory (id, person_id, album_id) values (568, 50, 119);
insert into inventory (id, person_id, album_id) values (569, 50, 123);
insert into inventory (id, person_id, album_id) values (570, 50, 156);
insert into inventory (id, person_id, album_id) values (571, 50, 176);
insert into inventory (id, person_id, album_id) values (572, 50, 177);
insert into inventory (id, person_id, album_id) values (573, 50, 178);
